<application>
  <component name="MaterialThemeConfig">
    <option name="compactDropdowns" value="true" />
    <option name="compactSidebar" value="true" />
    <option name="isCompactMenus" value="true" />
    <option name="isCompactStatusBar" value="true" />
    <option name="isCompactTables" value="true" />
    <option name="isHighContrast" value="true" />
    <option name="isMaterialDesign" value="false" />
    <option name="isWizardShown" value="true" />
    <option name="pristineConfig" value="false" />
    <option name="useMaterialFont2" value="true" />
    <option name="tabsHeight" value="42" />
    <option name="accentColor" value="424242" />
    <option name="selectedTheme" value="GITHUB" />
    <option name="userId" value="582ae371:16c94fedffa:-8000" />
    <option name="version" value="4.5.2" />
  </component>
</application>