<application>
  <component name="AppStorage">
    <histories>
      <item value="Failed to execute goal com.spotify:docker-maven-plugin:0.4.13:build (default-cli) on project member: Exception caught " />
      <item value="Example example = new Example(Carousel.class); Example.Criteria criteria = example.createCriteria(); criteria.andEqualTo(&quot;isShow&quot;,isShow); List&lt;Carousel&gt;" />
      <item value="Statistic" />
    </histories>
    <option name="languageScores">
      <map>
        <entry key="CHINESE" value="1" />
        <entry key="ENGLISH" value="1" />
      </map>
    </option>
  </component>
</application>